{
  "songurl": {
    "url": [
      {
        "show_link": "http:\/\/zhangmenshiting.baidu.com\/data2\/music\/edd4c81f782ef4ba6981cca691ee0a96\/261504025\/261504025.mp3?xcode=b253464432cf74f7c85f964b2abbb8a2",
        "down_type": 0,
        "original": 0,
        "free": 1,
        "replay_gain": "0.000000",
        "song_file_id": 130125847,
        "file_size": 2346799,
        "file_extension": "mp3",
        "file_duration": 293,
        "can_see": 1,
        "can_load": true,
        "preload": 40,
        "file_bitrate": 64,
        "file_link": "http:\/\/yinyueshiting.baidu.com\/data2\/music\/edd4c81f782ef4ba6981cca691ee0a96\/261504025\/261504025.mp3?xcode=b253464432cf74f7c85f964b2abbb8a2",
        "is_udition_url": 0,
        "hash": "e42240e42ed359c446ed39a1ad938803905fa8c9"
      },
      {
        "show_link": "http:\/\/zhangmenshiting.baidu.com\/data2\/music\/b068f119475c1fc071100c06116cf46d\/257557350\/257557350.mp3?xcode=b253464432cf74f7c85f964b2abbb8a2",
        "down_type": 1,
        "original": 0,
        "free": 1,
        "replay_gain": "0.000000",
        "song_file_id": 130125548,
        "file_size": 4692386,
        "file_extension": "mp3",
        "file_duration": 293,
        "can_see": 1,
        "can_load": true,
        "preload": 80,
        "file_bitrate": 128,
        "file_link": "http:\/\/yinyueshiting.baidu.com\/data2\/music\/b068f119475c1fc071100c06116cf46d\/257557350\/257557350.mp3?xcode=b253464432cf74f7c85f964b2abbb8a2",
        "is_udition_url": 1,
        "hash": "fbeb8cde4ccaeabf35a9a1c25217db1cb14a2377"
      },
      {
        "show_link": "http:\/\/zhangmenshiting.baidu.com\/data2\/music\/2945cf75dee105e8b8d7d4aeb5e57b02\/261503987\/261503987.mp3?xcode=b253464432cf74f7c85f964b2abbb8a2",
        "down_type": 0,
        "original": 0,
        "free": 0,
        "replay_gain": "0.000000",
        "song_file_id": 130125409,
        "file_size": 7095929,
        "file_extension": "mp3",
        "file_duration": 293,
        "can_see": 1,
        "can_load": true,
        "preload": 120,
        "file_bitrate": 192,
        "file_link": "",
        "is_udition_url": 0,
        "hash": "e69d62625d3522f06230a65ef9554d0647682a48"
      },
      {
        "show_link": "http:\/\/zhangmenshiting.baidu.com\/data2\/music\/3e323437ceaaf77c74130d2c601fec02\/261503947\/261503947.mp3?xcode=b253464432cf74f7c85f964b2abbb8a2",
        "down_type": 0,
        "original": 0,
        "free": 0,
        "replay_gain": "0.000000",
        "song_file_id": 130125247,
        "file_size": 9441516,
        "file_extension": "mp3",
        "file_duration": 293,
        "can_see": 1,
        "can_load": true,
        "preload": 160,
        "file_bitrate": 256,
        "file_link": "",
        "is_udition_url": 0,
        "hash": "508b92e06e356369e5e0d61bc09d71f6afd5e4d5"
      },
      {
        "show_link": "http:\/\/zhangmenshiting.baidu.com\/data2\/music\/136380007\/136380007.mp3?xcode=b253464432cf74f7c85f964b2abbb8a2",
        "down_type": 2,
        "original": 0,
        "free": 0,
        "replay_gain": "1.699997",
        "song_file_id": 136380007,
        "file_size": 11729303,
        "file_extension": "mp3",
        "file_duration": 293,
        "can_see": 1,
        "can_load": true,
        "preload": 200,
        "file_bitrate": 320,
        "file_link": "",
        "is_udition_url": 0,
        "hash": "41f90ca6ca9fe859ab4f546f3830fe79838ac1ef"
      }
    ]
  },
  "error_code": 22000,
  "songinfo": {
    "resource_type_ext": "0",
    "pic_huge": "http:\/\/c.hiphotos.baidu.com\/ting\/pic\/item\/eac4b74543a9822627420ab68982b9014b90eba4.jpg",
    "resource_type": "0",
    "del_status": "0",
    "album_1000_1000": "http:\/\/c.hiphotos.baidu.com\/ting\/pic\/item\/eac4b74543a9822627420ab68982b9014b90eba4.jpg",
    "pic_singer": "",
    "album_500_500": "http:\/\/b.hiphotos.baidu.com\/ting\/pic\/item\/4034970a304e251f3556c569a486c9177e3e53f9.jpg",
    "havehigh": 2,
    "piao_id": "0",
    "song_source": "web",
    "korean_bb_song": "0",
    "compose": "Michael Jackson",
    "toneid": "0",
    "area": "2",
    "original_rate": "",
    "bitrate": "64,128,192,256,320",
    "artist_500_500": "http:\/\/musicdata.baidu.com\/data2\/pic\/246937310\/246937310.jpg",
    "multiterminal_copytype": "1110,1101,1011,0111",
    "has_mv": 0,
    "file_duration": "293",
    "album_title": "Number 1's: The Jacksons Story",
    "sound_effect": "0",
    "title": "Billie Jean",
    "high_rate": "320",
    "pic_radio": "http:\/\/musicdata.baidu.com\/data2\/pic\/130127721\/130127721.jpg",
    "is_first_publish": 0,
    "hot": "25623",
    "language": "",
    "lrclink": "http:\/\/musicdata.baidu.com\/data2\/lrc\/f817c334a1af1aca43cfca49c9c44695\/261503837\/Billie+Jean.lrc",
    "distribution": "0000000000,0000000000,0000000000,0000000000,0000000000,0000000000,0000000000,1111110000,1111110000,0000000000",
    "relate_status": "0",
    "learn": 0,
    "play_type": 0,
    "pic_big": "http:\/\/musicdata.baidu.com\/data2\/pic\/130127731\/130127731.jpg",
    "pic_premium": "http:\/\/b.hiphotos.baidu.com\/ting\/pic\/item\/4034970a304e251f3556c569a486c9177e3e53f9.jpg",
    "artist_480_800": "http:\/\/musicdata.baidu.com\/data2\/pic\/105446776\/105446776.jpg",
    "aliasname": "Billie Jean",
    "country": "欧美",
    "artist_id": "821",
    "album_id": "130104181",
    "original": 0,
    "compress_status": "0",
    "versions": "",
    "expire": 36000,
    "ting_uid": "83626",
    "artist_1000_1000": "http:\/\/musicdata.baidu.com\/data2\/pic\/246937288\/246937288.jpg",
    "all_artist_id": "821",
    "artist_640_1136": "http:\/\/musicdata.baidu.com\/data2\/pic\/105446760\/105446760.jpg",
    "publishtime": "0000-00-00",
    "charge": 1,
    "copy_type": "0",
    "songwriting": "",
    "share_url": "http:\/\/music.baidu.com\/song\/130104901",
    "author": "Michael Jackson",
    "has_mv_mobile": 0,
    "all_rate": "64,128,192,256,320",
    "pic_small": "http:\/\/musicdata.baidu.com\/data2\/pic\/130127741\/130127741.jpg",
    "album_no": "20",
    "song_id": "130104901",
    "is_charge": "1"
  }
}